trial_name,breeding_program,location,year,design_type,description,trial_type,plot_width,plot_length,plot_size,planting_date,harvest_date,plot_name,accession_name,plot_number,block_number,is_a_control,rep_number,range_number,row_number,col_number,seedlot_name,num_seed_per_plot,weight_gram_seed_per_plot,entry_number,heading_date,plant_height_cm,Crown_ruest_severity_%,snapback_1to5,lodging_severity_1to5,grain_yield_g/sqm,grain_yield_bu/ac,test_weight _lb/bu,test_weight _g/L,groat_percent,thousand_kernel_weight_g,plump_%,mid_%,thins_%,groat_protein_%,groat_betaglucan_%,groat_oil_%,WK_Length_Average,WK_Width_Average,WK_LW_Ratio_Average,WK_Area_Average,WK_Perimeter_Average
UMOPN_2022_SouthShore,SDS,South Shore,2022,RCBD,,UMOPN,1.524,1.8288,2.7870912,5/11/2022,8/10/2022,,Leggett (ck),101,1,,1,1,,1,,,,30,187,106.68,25,3,3,410.5,109.5,31.1,401.2,65.6,27.9,8.2,76.6,15.2,15.82,4.77,4.83,11.814,2.798,4.246,22.878,27.155
UMOPN_2022_SouthShore,SDS,South Shore,2022,RCBD,,UMOPN,1.524,1.8288,2.7870912,5/11/2022,8/10/2022,,OGLE (ck),102,1,,1,1,,2,,,,1,181,101.6,40,1,5,363.7,97,29.9,385.7,68.3,25.2,5,71.5,23.4,15.75,5.51,4.79,11.817,2.696,4.405,22.402,27.213
UMOPN_2022_SouthShore,SDS,South Shore,2022,RCBD,,UMOPN,1.524,1.8288,2.7870912,5/11/2022,8/10/2022,,ND170388,103,1,,1,1,,3,,,,24,187,111.76,0,2,2,561.6,149.8,36.1,465.7,69.7,35.9,68,26.8,5.2,15.22,4.98,5.49,11.527,3.017,3.824,24.51,26.573
UMOPN_2022_SouthShore,SDS,South Shore,2022,RCBD,,UMOPN,1.524,1.8288,2.7870912,5/11/2022,8/10/2022,,ND161488,104,1,,1,1,,4,,,,20,183,114.3,0,2,3,479.7,127.9,32.3,416.7,70.2,31.3,15.7,74.9,9.3,16.97,5.04,5.13,12.023,2.874,4.214,23.898,27.85
UMOPN_2022_SouthShore,SDS,South Shore,2022,RCBD,,UMOPN,1.524,1.8288,2.7870912,5/11/2022,8/10/2022,,SD181237,105,1,,1,1,,5,,,,9,187,121.92,0,2,2,511,136.3,35.5,458,73,34.3,48.3,48.4,3.5,15.36,4.32,4.57,10.737,3.09,3.491,24.313,25.208
UMOPN_2022_SouthShore,SDS,South Shore,2022,RCBD,,UMOPN,1.524,1.8288,2.7870912,5/11/2022,8/10/2022,,ND180256,106,1,,1,2,,5,,,,25,187,119.38,15,2,5,387,103.2,33.8,436,69.7,29,20.5,67.8,11.7,14.61,4.84,6.05,10.91,2.869,3.807,22.236,25.193
UMOPN_2022_SouthShore,SDS,South Shore,2022,RCBD,,UMOPN,1.524,1.8288,2.7870912,5/11/2022,8/10/2022,,WIX10642-3,107,1,,1,2,,4,,,,28,184,91.44,5,2,5,422.5,112.7,33.4,430.9,71,26.4,3.8,74.2,22,16.46,4.16,5.2,10.561,2.717,3.916,20.101,24.674
UMOPN_2022_SouthShore,SDS,South Shore,2022,RCBD,,UMOPN,1.524,1.8288,2.7870912,5/11/2022,8/10/2022,,WIX10466-7,108,1,,1,2,,3,,,,27,184,109.22,15,2,5,505,134.7,31.8,410.2,65.3,29.4,7.4,76.9,15.7,15.66,5.39,5.69,11.717,2.78,4.219,22.742,26.994
UMOPN_2022_SouthShore,SDS,South Shore,2022,RCBD,,UMOPN,1.524,1.8288,2.7870912,5/11/2022,8/10/2022,,MN19113X_043,109,1,,1,2,,2,,,,16,186,111.76,5,2,4,550.4,146.8,35.1,452.8,70.2,31.5,9.5,80.1,10.2,15.62,5.56,6.1,11.455,2.917,3.935,23.463,26.544
UMOPN_2022_SouthShore,SDS,South Shore,2022,RCBD,,UMOPN,1.524,1.8288,2.7870912,5/11/2022,8/10/2022,,ND170307,110,1,,1,2,,1,,,,21,189,114.3,15,2,4,379.4,101.2,28.4,366.4,66.3,30.5,13.9,69.9,16.3,14.49,5.33,6.03,12.94,2.923,4.45,26.278,29.759
UMOPN_2022_SouthShore,SDS,South Shore,2022,RCBD,,UMOPN,1.524,1.8288,2.7870912,5/11/2022,8/10/2022,,IL17-1253,111,1,,1,3,,1,,,,5,184,93.98,15,2.5,2,502.4,134,33.5,432.2,72.2,29.1,19.5,72.1,8.4,15.37,4.42,4.09,10.701,2.861,3.744,21.708,24.723
UMOPN_2022_SouthShore,SDS,South Shore,2022,RCBD,,UMOPN,1.524,1.8288,2.7870912,5/11/2022,8/10/2022,,ND141338,112,1,,1,3,,2,,,,19,187,106.68,25,2,5,381.7,101.8,28.9,372.8,66.3,29.4,17.6,67.1,15.4,14.74,5.58,5.42,12.091,2.869,4.233,24.073,28.091
UMOPN_2022_SouthShore,SDS,South Shore,2022,RCBD,,UMOPN,1.524,1.8288,2.7870912,5/11/2022,8/10/2022,,Newburg (ck),113,1,,1,3,,3,,,,18,186,121.92,30,4,5,340.1,90.7,28.9,372.8,63,26.1,14.3,61.4,24.3,14.13,5.57,5.99,11.732,2.708,4.368,21.98,27.112
UMOPN_2022_SouthShore,SDS,South Shore,2022,RCBD,,UMOPN,1.524,1.8288,2.7870912,5/11/2022,8/10/2022,,SD180580,114,1,,1,3,,4,,,,8,187,104.14,45,2,5,328.8,87.7,32.8,423.1,64.9,24.5,2.2,76.8,21.1,14.01,4.62,5.23,10.63,2.78,3.832,20.763,24.577
UMOPN_2022_SouthShore,SDS,South Shore,2022,RCBD,,UMOPN,1.524,1.8288,2.7870912,5/11/2022,8/10/2022,,ND170395,115,1,,1,3,,5,,,,23,188,114.3,0,2,2,531.3,141.7,36.2,467,72.7,37.4,48.1,48.1,3.8,16.18,5.02,5.24,12.346,3.065,4.042,26.499,28.639
UMOPN_2022_SouthShore,SDS,South Shore,2022,RCBD,,UMOPN,1.524,1.8288,2.7870912,5/11/2022,8/10/2022,,MN19139X_038,116,1,,1,4,,5,,,,17,187,111.76,50,2,5,288,76.8,30.7,396,56.1,19.9,3.9,26.4,69.8,14.59,5.43,5.28,10.924,2.491,4.426,18.737,25.031
UMOPN_2022_SouthShore,SDS,South Shore,2022,RCBD,,UMOPN,1.524,1.8288,2.7870912,5/11/2022,8/10/2022,,CLINTLAND64 (ck),117,1,,1,4,,4,,,,6,181,99.06,25,2,5,435.1,116,29.7,383.1,64.8,25.4,7.4,66,26.8,17.29,5.22,5.25,11.665,2.783,4.239,22.304,27.016
UMOPN_2022_SouthShore,SDS,South Shore,2022,RCBD,,UMOPN,1.524,1.8288,2.7870912,5/11/2022,8/10/2022,,GOPHER (ck),118,1,,1,4,,3,,,,13,185,114.3,40,4.5,5,298.7,79.7,27.7,357.3,58.9,20.2,1.3,27.1,71.5,17.28,5.73,5.06,11.328,2.436,4.729,18.932,26.074
UMOPN_2022_SouthShore,SDS,South Shore,2022,RCBD,,UMOPN,1.524,1.8288,2.7870912,5/11/2022,8/10/2022,,IL17-1704,119,1,,1,4,,2,,,,2,182,104.14,0,2,4,510.2,136.1,34.1,439.9,71.7,35.9,40.8,57.3,2.3,15.86,4.67,4.47,12.298,3.097,3.983,26.351,28.395
UMOPN_2022_SouthShore,SDS,South Shore,2022,RCBD,,UMOPN,1.524,1.8288,2.7870912,5/11/2022,8/10/2022,,OT2130,120,1,,1,4,,1,,,,31,188,109.22,20,2,1,447,119.2,29.1,375.4,69.2,36.6,64.8,30.5,5,15.26,4.74,4.93,13.294,3.135,4.245,29.047,30.636
UMOPN_2022_SouthShore,SDS,South Shore,2022,RCBD,,UMOPN,1.524,1.8288,2.7870912,5/11/2022,8/10/2022,,OT3119,121,1,,1,5,,1,,,,33,188,104.14,40,2,5,373.4,99.6,28.8,371.5,66.7,28.6,37.3,56.4,6.4,14.79,5.5,4.69,12.033,2.865,4.221,24.068,27.78
UMOPN_2022_SouthShore,SDS,South Shore,2022,RCBD,,UMOPN,1.524,1.8288,2.7870912,5/11/2022,8/10/2022,,MN18038X_008,122,1,,1,5,,2,,,,14,187,106.68,0,2,4,537.3,143.3,31,399.9,68.8,32.1,8.8,83.5,7.9,16.87,5.95,6.04,12.859,2.931,4.412,25.996,29.734
UMOPN_2022_SouthShore,SDS,South Shore,2022,RCBD,,UMOPN,1.524,1.8288,2.7870912,5/11/2022,8/10/2022,,WIX10710-7,123,1,,1,5,,3,,,,29,189,96.52,0,1,2,513.5,136.9,34.2,441.2,69.3,29.3,13.2,75.8,10.8,17.68,5.2,5.87,10.929,2.937,3.729,23.002,25.438
UMOPN_2022_SouthShore,SDS,South Shore,2022,RCBD,,UMOPN,1.524,1.8288,2.7870912,5/11/2022,8/10/2022,,OT3120,124,1,,1,5,,4,,,,34,187,106.68,50,2,5,.,.,.,.,.,.,.,.,.,.,.,.,.,.,.,.,.
UMOPN_2022_SouthShore,SDS,South Shore,2022,RCBD,,UMOPN,1.524,1.8288,2.7870912,5/11/2022,8/10/2022,,MN19113X_017,125,1,,1,5,,5,,,,15,186,111.76,5,2,3,523.2,139.5,34.7,447.6,69.5,29.5,3.3,81.7,15.2,15.65,5.4,5.92,11.704,2.726,4.301,22.216,26.677
UMOPN_2022_SouthShore,SDS,South Shore,2022,RCBD,,UMOPN,1.524,1.8288,2.7870912,5/11/2022,8/10/2022,,IL17-5238,126,1,,1,6,,5,,,,4,179,93.98,55,2,4,247.9,66.1,31.1,401.2,68,26.3,3,69.6,27.1,15.97,5.36,5.85,11.765,2.725,4.334,22.969,26.997
UMOPN_2022_SouthShore,SDS,South Shore,2022,RCBD,,UMOPN,1.524,1.8288,2.7870912,5/11/2022,8/10/2022,,SD190311,127,1,,1,6,,4,,,,12,187,109.22,50,2,5,289.7,77.3,25.9,334.1,50.3,24,32.9,40.4,26.7,14.79,5.41,6.12,12.043,2.97,4.083,25.248,27.92
UMOPN_2022_SouthShore,SDS,South Shore,2022,RCBD,,UMOPN,1.524,1.8288,2.7870912,5/11/2022,8/10/2022,,SD181245,128,1,,1,6,,3,,,,7,186,121.92,0,2,3,525.4,140.1,34.9,450.2,70.6,33,25.6,70.4,4.2,15.66,4.36,4.27,11.27,3.077,3.672,25.042,26.268
UMOPN_2022_SouthShore,SDS,South Shore,2022,RCBD,,UMOPN,1.524,1.8288,2.7870912,5/11/2022,8/10/2022,,SD180905,129,1,,1,6,,2,,,,10,187,104.14,5,2,2,505.1,134.7,33.4,430.9,71,29.5,16.3,71.7,12,15.51,4.88,4.65,11.047,2.703,4.098,21.46,25.31
UMOPN_2022_SouthShore,SDS,South Shore,2022,RCBD,,UMOPN,1.524,1.8288,2.7870912,5/11/2022,8/10/2022,,ND170376,130,1,,1,6,,1,,,,22,188,127,0,3.5,2,590.5,157.5,34.8,448.9,72,40.2,74.6,23,2.4,15.66,4.59,5.76,11.768,3.179,3.709,26.527,27.306
UMOPN_2022_SouthShore,SDS,South Shore,2022,RCBD,,UMOPN,1.524,1.8288,2.7870912,5/11/2022,8/10/2022,,OT7100,131,1,,1,7,,1,,,,32,186,106.68,30,2,2,440.7,117.5,30.3,390.9,71,31.1,35.2,58,7,15.93,5.16,5.17,11.574,2.84,4.088,23.148,26.543
UMOPN_2022_SouthShore,SDS,South Shore,2022,RCBD,,UMOPN,1.524,1.8288,2.7870912,5/11/2022,8/10/2022,,IL17-7339,132,1,,1,7,,2,,,,3,182,86.36,40,2.5,5,463.5,123.6,29.2,376.7,67.9,23.7,3,62.9,34.2,14.76,4.86,4.76,11.049,2.653,4.194,20.675,25.566
UMOPN_2022_SouthShore,SDS,South Shore,2022,RCBD,,UMOPN,1.524,1.8288,2.7870912,5/11/2022,8/10/2022,,WIX10710-5,133,1,,1,7,,3,,,,26,186,104.14,5,2,3,411.7,109.8,32.2,415.4,65,29.1,10.8,78.1,11.1,15.98,5.36,5.41,11.537,2.882,4.024,23.318,26.507
UMOPN_2022_SouthShore,SDS,South Shore,2022,RCBD,,UMOPN,1.524,1.8288,2.7870912,5/11/2022,8/10/2022,,SD170935,134,1,,1,7,,4,,,,11,186,119.38,0,2,3,509,135.7,36.9,476,70,31.7,21,73.1,6.1,15.73,4.97,6.22,11.087,2.862,3.877,22.358,25.675
UMOPN_2022_SouthShore,SDS,South Shore,2022,RCBD,,UMOPN,1.524,1.8288,2.7870912,5/11/2022,8/10/2022,,WARRIOR,135,1,,1,7,,5,,,,35,184,109.22,20,2.5,5,402.1,107.2,33.1,427,69.8,27.8,3,83.1,13.8,15.42,4.79,5.26,11.351,2.732,4.158,21.759,25.978
UMOPN_2022_SouthShore,SDS,South Shore,2022,RCBD,,UMOPN,1.524,1.8288,2.7870912,5/11/2022,8/10/2022,,ND161488,201,2,,2,8,,5,,,,20,184,111.76,5,2,3,411.1,109.6,32.2,415.4,.,.,.,.,.,.,.,.,.,.,.,.,.
UMOPN_2022_SouthShore,SDS,South Shore,2022,RCBD,,UMOPN,1.524,1.8288,2.7870912,5/11/2022,8/10/2022,,ND141338,202,2,,2,8,,4,,,,19,187,96.52,25,1.5,4,377,100.5,28.1,362.5,.,.,.,.,.,.,.,.,.,.,.,.,.
UMOPN_2022_SouthShore,SDS,South Shore,2022,RCBD,,UMOPN,1.524,1.8288,2.7870912,5/11/2022,8/10/2022,,MN19113X_043,203,2,,2,8,,3,,,,16,186,109.22,10,1.5,3,478.8,127.7,35.3,455.4,.,.,.,.,.,.,.,.,.,.,.,.,.
UMOPN_2022_SouthShore,SDS,South Shore,2022,RCBD,,UMOPN,1.524,1.8288,2.7870912,5/11/2022,8/10/2022,,ND170388,204,2,,2,8,,2,,,,24,187,104.14,0,2,3,584.6,155.9,35.2,454.1,.,.,.,.,.,.,.,.,.,.,.,.,.
UMOPN_2022_SouthShore,SDS,South Shore,2022,RCBD,,UMOPN,1.524,1.8288,2.7870912,5/11/2022,8/10/2022,,IL17-1253,205,2,,2,8,,1,,,,5,184,88.9,5,2.5,1,484.3,129.2,34.1,439.9,.,.,.,.,.,.,.,.,.,.,.,.,.
UMOPN_2022_SouthShore,SDS,South Shore,2022,RCBD,,UMOPN,1.524,1.8288,2.7870912,5/11/2022,8/10/2022,,Newburg (ck),206,2,,2,9,,1,,,,18,186,119.38,40,3.5,5,253.5,67.6,28.6,368.9,.,.,.,.,.,.,.,.,.,.,.,.,.
UMOPN_2022_SouthShore,SDS,South Shore,2022,RCBD,,UMOPN,1.524,1.8288,2.7870912,5/11/2022,8/10/2022,,GOPHER (ck),207,2,,2,9,,2,,,,13,184,116.84,55,2,5,285.9,76.2,28.3,365.1,.,.,.,.,.,.,.,.,.,.,.,.,.
UMOPN_2022_SouthShore,SDS,South Shore,2022,RCBD,,UMOPN,1.524,1.8288,2.7870912,5/11/2022,8/10/2022,,WIX10710-7,208,2,,2,9,,3,,,,29,189,88.9,5,1,1,467,124.5,35.9,463.1,.,.,.,.,.,.,.,.,.,.,.,.,.
UMOPN_2022_SouthShore,SDS,South Shore,2022,RCBD,,UMOPN,1.524,1.8288,2.7870912,5/11/2022,8/10/2022,,CLINTLAND64 (ck),209,2,,2,9,,4,,,,6,181,93.98,35,3,5,414.6,110.6,30.9,398.6,.,.,.,.,.,.,.,.,.,.,.,.,.
UMOPN_2022_SouthShore,SDS,South Shore,2022,RCBD,,UMOPN,1.524,1.8288,2.7870912,5/11/2022,8/10/2022,,IL17-5238,210,2,,2,9,,5,,,,4,179,91.44,60,1.5,5,316.8,84.5,29.5,380.6,.,.,.,.,.,.,.,.,.,.,.,.,.
UMOPN_2022_SouthShore,SDS,South Shore,2022,RCBD,,UMOPN,1.524,1.8288,2.7870912,5/11/2022,8/10/2022,,ND170376,211,2,,2,10,,5,,,,22,188,127,0,3,2,544.1,145.1,36.3,468.3,.,.,.,.,.,.,.,.,.,.,.,.,.
UMOPN_2022_SouthShore,SDS,South Shore,2022,RCBD,,UMOPN,1.524,1.8288,2.7870912,5/11/2022,8/10/2022,,WIX10642-3,212,2,,2,10,,4,,,,28,184,99.06,0,2,5,410.5,109.5,33.1,427,.,.,.,.,.,.,.,.,.,.,.,.,.
UMOPN_2022_SouthShore,SDS,South Shore,2022,RCBD,,UMOPN,1.524,1.8288,2.7870912,5/11/2022,8/10/2022,,OT7100,213,2,,2,10,,3,,,,32,186,106.68,25,2,2,422.9,112.8,31.4,405.1,.,.,.,.,.,.,.,.,.,.,.,.,.
UMOPN_2022_SouthShore,SDS,South Shore,2022,RCBD,,UMOPN,1.524,1.8288,2.7870912,5/11/2022,8/10/2022,,IL17-7339,214,2,,2,10,,2,,,,3,181,76.2,35,2.5,5,410.1,109.4,30.2,389.6,.,.,.,.,.,.,.,.,.,.,.,.,.
UMOPN_2022_SouthShore,SDS,South Shore,2022,RCBD,,UMOPN,1.524,1.8288,2.7870912,5/11/2022,8/10/2022,,SD181245,215,2,,2,10,,1,,,,7,186,114.3,5,2.5,3,471.3,125.7,35.4,456.7,.,.,.,.,.,.,.,.,.,.,.,.,.
UMOPN_2022_SouthShore,SDS,South Shore,2022,RCBD,,UMOPN,1.524,1.8288,2.7870912,5/11/2022,8/10/2022,,SD170935,216,2,,2,11,,1,,,,11,187,119.38,5,2.5,2,492,131.2,35.6,459.2,.,.,.,.,.,.,.,.,.,.,.,.,.
UMOPN_2022_SouthShore,SDS,South Shore,2022,RCBD,,UMOPN,1.524,1.8288,2.7870912,5/11/2022,8/10/2022,,OT2130,217,2,,2,11,,2,,,,31,187,99.06,20,2,1,413.4,110.2,29,374.1,.,.,.,.,.,.,.,.,.,.,.,.,.
UMOPN_2022_SouthShore,SDS,South Shore,2022,RCBD,,UMOPN,1.524,1.8288,2.7870912,5/11/2022,8/10/2022,,MN19139X_038,218,2,,2,11,,3,,,,17,186,106.68,40,2,5,296.7,79.1,31.3,403.8,.,.,.,.,.,.,.,.,.,.,.,.,.
UMOPN_2022_SouthShore,SDS,South Shore,2022,RCBD,,UMOPN,1.524,1.8288,2.7870912,5/11/2022,8/10/2022,,SD181237,219,2,,2,11,,4,,,,9,186,116.84,0,3,3,479.8,127.9,34.7,447.6,.,.,.,.,.,.,.,.,.,.,.,.,.
UMOPN_2022_SouthShore,SDS,South Shore,2022,RCBD,,UMOPN,1.524,1.8288,2.7870912,5/11/2022,8/10/2022,,ND180256,220,2,,2,11,,5,,,,25,186,116.84,10,2,3,271.5,72.4,33.3,429.6,.,.,.,.,.,.,.,.,.,.,.,.,.
UMOPN_2022_SouthShore,SDS,South Shore,2022,RCBD,,UMOPN,1.524,1.8288,2.7870912,5/11/2022,8/10/2022,,SD190311,221,2,,2,12,,5,,,,12,186,104.14,50,2,5,265.2,70.7,27.1,349.6,.,.,.,.,.,.,.,.,.,.,.,.,.
UMOPN_2022_SouthShore,SDS,South Shore,2022,RCBD,,UMOPN,1.524,1.8288,2.7870912,5/11/2022,8/10/2022,,WIX10710-5,222,2,,2,12,,4,,,,26,186,88.9,15,1.5,2,407.4,108.6,34.1,439.9,.,.,.,.,.,.,.,.,.,.,.,.,.
UMOPN_2022_SouthShore,SDS,South Shore,2022,RCBD,,UMOPN,1.524,1.8288,2.7870912,5/11/2022,8/10/2022,,OT3119,223,2,,2,12,,3,,,,33,187,96.52,25,1,2,393.2,104.9,31.6,407.6,.,.,.,.,.,.,.,.,.,.,.,.,.
UMOPN_2022_SouthShore,SDS,South Shore,2022,RCBD,,UMOPN,1.524,1.8288,2.7870912,5/11/2022,8/10/2022,,OGLE (ck),224,2,,2,12,,2,,,,1,182,96.52,35,2,5,363.3,96.9,31,399.9,.,.,.,.,.,.,.,.,.,.,.,.,.
UMOPN_2022_SouthShore,SDS,South Shore,2022,RCBD,,UMOPN,1.524,1.8288,2.7870912,5/11/2022,8/10/2022,,WIX10466-7,225,2,,2,12,,1,,,,27,184,99.06,15,2,5,406.2,108.3,33,425.7,.,.,.,.,.,.,.,.,.,.,.,.,.
UMOPN_2022_SouthShore,SDS,South Shore,2022,RCBD,,UMOPN,1.524,1.8288,2.7870912,5/11/2022,8/10/2022,,Leggett (ck),226,2,,2,13,,1,,,,30,186,106.68,25,2.5,2,345.1,92,30.9,398.6,.,.,.,.,.,.,.,.,.,.,.,.,.
UMOPN_2022_SouthShore,SDS,South Shore,2022,RCBD,,UMOPN,1.524,1.8288,2.7870912,5/11/2022,8/10/2022,,ND170307,227,2,,2,13,,2,,,,21,187,111.76,30,2,5,396.3,105.7,28.2,363.8,.,.,.,.,.,.,.,.,.,.,.,.,.
UMOPN_2022_SouthShore,SDS,South Shore,2022,RCBD,,UMOPN,1.524,1.8288,2.7870912,5/11/2022,8/10/2022,,MN19113X_017,228,2,,2,13,,3,,,,15,186,109.22,5,2,2,473.5,126.3,34.6,446.3,.,.,.,.,.,.,.,.,.,.,.,.,.
UMOPN_2022_SouthShore,SDS,South Shore,2022,RCBD,,UMOPN,1.524,1.8288,2.7870912,5/11/2022,8/10/2022,,IL17-1704,229,2,,2,13,,4,,,,2,182,99.06,0,2,4,486.3,129.7,34.2,441.2,.,.,.,.,.,.,.,.,.,.,.,.,.
UMOPN_2022_SouthShore,SDS,South Shore,2022,RCBD,,UMOPN,1.524,1.8288,2.7870912,5/11/2022,8/10/2022,,SD180580,230,2,,2,13,,5,,,,8,185,104.14,35,2,5,356.7,95.1,34.9,450.2,.,.,.,.,.,.,.,.,.,.,.,.,.
UMOPN_2022_SouthShore,SDS,South Shore,2022,RCBD,,UMOPN,1.524,1.8288,2.7870912,5/11/2022,8/10/2022,,MN18038X_008,231,2,,2,14,,5,,,,14,186,101.6,0,2,3,418.7,111.6,32.3,416.7,.,.,.,.,.,.,.,.,.,.,.,.,.
UMOPN_2022_SouthShore,SDS,South Shore,2022,RCBD,,UMOPN,1.524,1.8288,2.7870912,5/11/2022,8/10/2022,,ND170395,232,2,,2,14,,4,,,,23,187,104.14,0,2,2,493.8,131.7,35.3,455.4,.,.,.,.,.,.,.,.,.,.,.,.,.
UMOPN_2022_SouthShore,SDS,South Shore,2022,RCBD,,UMOPN,1.524,1.8288,2.7870912,5/11/2022,8/10/2022,,OT3120,233,2,,2,14,,3,,,,34,186,104.14,45,2,5,328.7,87.7,27.5,354.8,.,.,.,.,.,.,.,.,.,.,.,.,.
UMOPN_2022_SouthShore,SDS,South Shore,2022,RCBD,,UMOPN,1.524,1.8288,2.7870912,5/11/2022,8/10/2022,,SD180905,234,2,,2,14,,2,,,,10,186,101.6,10,2,1,445.7,118.9,35.3,455.4,.,.,.,.,.,.,.,.,.,.,.,.,.
UMOPN_2022_SouthShore,SDS,South Shore,2022,RCBD,,UMOPN,1.524,1.8288,2.7870912,5/11/2022,8/10/2022,,WARRIOR,235,2,,2,14,,1,,,,35,183,99.06,15,2,4,364.2,97.1,34.3,442.5,.,.,.,.,.,.,.,.,.,.,.,.,.
UMOPN_2022_Beresford,SDS,Beresford,2022,RBCD,,UMOPN,1.524,3.9624,6.0386976,4/21/2022,7/28/2023,,ND170376,101,1,,1,1,,1,,,,22,172,93.98,.,.,1,220.2,58.7,26.1,336.7,56.4,36.4,75.2,16.2,8.5,20.29,4.6,5.27,12.035,3.06,4.013,26.722,28.116
UMOPN_2022_Beresford,SDS,Beresford,2022,RBCD,,UMOPN,1.524,3.9624,6.0386976,4/21/2022,7/28/2023,,WIX10466-7,102,1,,1,1,,2,,,,27,169,91.44,.,.,1,290.3,77.4,30.1,388.3,63.6,34.4,56.4,36.8,6.7,20.39,4.77,5.12,11.286,2.825,4.062,23.077,26.069
UMOPN_2022_Beresford,SDS,Beresford,2022,RBCD,,UMOPN,1.524,3.9624,6.0386976,4/21/2022,7/28/2023,,OT3119,103,1,,1,1,,3,,,,33,172,78.74,.,.,1,229.5,61.2,26.8,345.7,65,36.6,78.1,16.6,5.3,18.92,5.22,4.18,11.601,2.926,4.003,25.396,26.959
UMOPN_2022_Beresford,SDS,Beresford,2022,RBCD,,UMOPN,1.524,3.9624,6.0386976,4/21/2022,7/28/2023,,Leggett (ck),104,1,,1,1,,4,,,,30,172,83.82,.,.,1,187.7,50,25.8,332.8,60.8,29,.,.,.,20.55,4.98,4.19,11.487,2.735,4.245,23.102,26.355
UMOPN_2022_Beresford,SDS,Beresford,2022,RBCD,,UMOPN,1.524,3.9624,6.0386976,4/21/2022,7/28/2023,,SD180580,105,1,,1,1,,5,,,,8,169,83.82,.,.,1,244.9,65.3,31.2,402.5,68.2,29,39.5,52.5,7.9,19.09,4.31,4.73,9.966,2.772,3.629,20.283,23.192
UMOPN_2022_Beresford,SDS,Beresford,2022,RBCD,,UMOPN,1.524,3.9624,6.0386976,4/21/2022,7/28/2023,,OT7100,106,1,,1,2,,5,,,,32,171,83.82,.,.,1,285.4,76.1,30.7,396,68.4,34.8,67.4,28.9,3.6,18.79,4.64,4.67,11.499,2.896,4.009,24.298,26.696
UMOPN_2022_Beresford,SDS,Beresford,2022,RBCD,,UMOPN,1.524,3.9624,6.0386976,4/21/2022,7/28/2023,,WIX10710-5,107,1,,1,2,,4,,,,26,171,78.74,.,.,1,259.8,69.3,32,412.8,63.6,36.6,28.8,65.4,5.8,18.24,4.96,3.78,11.362,2.934,3.906,24.737,26.366
UMOPN_2022_Beresford,SDS,Beresford,2022,RBCD,,UMOPN,1.524,3.9624,6.0386976,4/21/2022,7/28/2023,,Newburg (ck),108,1,,1,2,,3,,,,18,171,86.36,.,.,2,.,.,.,.,.,.,.,.,.,.,.,.,.,.,.,.,.
UMOPN_2022_Beresford,SDS,Beresford,2022,RBCD,,UMOPN,1.524,3.9624,6.0386976,4/21/2022,7/28/2023,,ND170307,109,1,,1,2,,2,,,,21,173,83.82,.,.,1,237.7,63.4,28.3,365.1,65.9,37.7,59,33.2,7.7,20.12,4.73,4.55,12.454,3.062,4.103,27.864,28.914
UMOPN_2022_Beresford,SDS,Beresford,2022,RBCD,,UMOPN,1.524,3.9624,6.0386976,4/21/2022,7/28/2023,,OT3120,110,1,,1,2,,1,,,,34,172,78.74,.,.,1,312.8,83.4,30.9,398.6,69.8,38.2,41.6,51.7,6.6,18.29,5.05,4.7,11.478,2.955,3.897,25.517,26.678
UMOPN_2022_Beresford,SDS,Beresford,2022,RBCD,,UMOPN,1.524,3.9624,6.0386976,4/21/2022,7/28/2023,,CLINTLAND64 (ck),111,1,,1,3,,1,,,,6,169,81.28,.,.,1,217.5,58,28.1,362.5,67,31.8,37.6,54.8,7.6,20.79,4.85,4.13,10.984,2.784,3.972,22.531,25.35
UMOPN_2022_Beresford,SDS,Beresford,2022,RBCD,,UMOPN,1.524,3.9624,6.0386976,4/21/2022,7/28/2023,,IL17-7339,112,1,,1,3,,2,,,,3,169,66.04,.,.,1,247.6,66,30,387,66.2,31.9,47.5,42.6,9.8,18.56,4.35,4.94,10.11,2.679,3.799,20.021,23.429
UMOPN_2022_Beresford,SDS,Beresford,2022,RBCD,,UMOPN,1.524,3.9624,6.0386976,4/21/2022,7/28/2023,,OGLE (ck),113,1,,1,3,,3,,,,1,169,71.12,.,.,1,227.8,60.7,28.5,367.7,65,23.6,27.9,59,13.1,19.98,4.91,4.28,11.138,2.75,4.091,22.537,25.752
UMOPN_2022_Beresford,SDS,Beresford,2022,RBCD,,UMOPN,1.524,3.9624,6.0386976,4/21/2022,7/28/2023,,WIX10710-7,114,1,,1,3,,4,,,,29,172,66.04,.,.,1,239.4,63.8,29.2,376.7,60.9,31.6,26.7,67.5,5.7,19.93,4.83,5.19,10.996,2.951,3.777,23.827,25.651
UMOPN_2022_Beresford,SDS,Beresford,2022,RBCD,,UMOPN,1.524,3.9624,6.0386976,4/21/2022,7/28/2023,,IL17-1253,115,1,,1,3,,5,,,,5,171,73.66,.,.,1,168.8,45,25.3,326.4,58.6,27.8,45,47.7,7.3,19.56,4.34,2.75,10.867,2.822,3.931,21.955,25.355
UMOPN_2022_Beresford,SDS,Beresford,2022,RBCD,,UMOPN,1.524,3.9624,6.0386976,4/21/2022,7/28/2023,,SD190311,116,1,,1,4,,5,,,,12,172,78.74,.,.,1,260.8,69.5,31.4,405.1,68.6,38.3,61.3,35.3,3.4,19.03,4.55,4.08,10.695,2.916,3.685,23.351,24.892
UMOPN_2022_Beresford,SDS,Beresford,2022,RBCD,,UMOPN,1.524,3.9624,6.0386976,4/21/2022,7/28/2023,,ND141338,117,1,,1,4,,4,,,,19,175,83.82,.,.,1,200.1,53.4,29.5,380.6,67.6,35.7,65.4,26.4,8.1,17.62,4.65,4.62,11.333,2.891,3.958,23.95,26.226
UMOPN_2022_Beresford,SDS,Beresford,2022,RBCD,,UMOPN,1.524,3.9624,6.0386976,4/21/2022,7/28/2023,,ND170395,118,1,,1,4,,3,,,,23,171,88.9,.,.,1,262.9,70.1,30.9,398.6,69.2,38.5,40.7,52.6,6.6,19.61,5.14,4.56,12.076,2.908,4.168,26.159,27.848
UMOPN_2022_Beresford,SDS,Beresford,2022,RBCD,,UMOPN,1.524,3.9624,6.0386976,4/21/2022,7/28/2023,,ND161488,119,1,,1,4,,2,,,,20,171,99.06,.,.,1,248.9,66.4,25.9,334.1,63.8,31.7,52.8,37.1,10,19.98,4.95,4.78,10.915,2.748,4.024,21.717,25.334
UMOPN_2022_Beresford,SDS,Beresford,2022,RBCD,,UMOPN,1.524,3.9624,6.0386976,4/21/2022,7/28/2023,,SD180905,120,1,,1,4,,1,,,,10,172,81.28,.,.,1,295.2,78.7,34.2,441.2,74,35.8,45.7,49.8,4.5,17.59,4.63,4.18,10.556,2.8,3.777,22.099,24.483
UMOPN_2022_Beresford,SDS,Beresford,2022,RBCD,,UMOPN,1.524,3.9624,6.0386976,4/21/2022,7/28/2023,,IL17-1704,121,1,,1,5,,1,,,,2,171,76.2,.,.,1,335.3,89.4,35.4,456.7,73.7,34.7,52.7,43.2,4,17.88,4.95,4.16,10.828,2.957,3.673,23.178,25.061
UMOPN_2022_Beresford,SDS,Beresford,2022,RBCD,,UMOPN,1.524,3.9624,6.0386976,4/21/2022,7/28/2023,,SD181237,122,1,,1,5,,2,,,,9,173,104.14,.,.,1,261.5,69.7,30.7,396,61.9,35.1,56.7,39.1,4.1,18.5,4.55,3.7,10.81,2.945,3.719,24.02,25.196
UMOPN_2022_Beresford,SDS,Beresford,2022,RBCD,,UMOPN,1.524,3.9624,6.0386976,4/21/2022,7/28/2023,,MN18038X_008,123,1,,1,5,,3,,,,14,174,83.82,.,.,1,247,65.9,27,348.3,65.7,33.6,46.6,46.2,7.1,19.75,4.98,5.72,12.114,2.898,4.209,25.669,28.222
UMOPN_2022_Beresford,SDS,Beresford,2022,RBCD,,UMOPN,1.524,3.9624,6.0386976,4/21/2022,7/28/2023,,MN19139X_038,124,1,,1,5,,4,,,,17,174,91.44,.,.,1,162.5,43.3,23.2,299.3,64.7,27.3,16.5,69.7,13.7,21.01,4.5,4.17,10.576,2.61,4.122,19.97,24.46
UMOPN_2022_Beresford,SDS,Beresford,2022,RBCD,,UMOPN,1.524,3.9624,6.0386976,4/21/2022,7/28/2023,,ND180256,125,1,,1,5,,5,,,,25,174,93.98,.,.,1,147.4,39.3,18.1,233.5,51,21.8,66,28.9,5,19.7,4.27,4.77,12.105,2.958,4.138,25.61,28.053
UMOPN_2022_Beresford,SDS,Beresford,2022,RBCD,,UMOPN,1.524,3.9624,6.0386976,4/21/2022,7/28/2023,,MN19113X_017,126,1,,1,6,,5,,,,15,172,88.9,.,.,1,370.3,98.8,32.8,423.1,72.8,34.4,47.6,47.8,4.6,17.76,4.62,4.93,11.461,2.942,3.906,24.777,26.461
UMOPN_2022_Beresford,SDS,Beresford,2022,RBCD,,UMOPN,1.524,3.9624,6.0386976,4/21/2022,7/28/2023,,GOPHER (ck),127,1,,1,6,,4,,,,13,172,91.44,.,.,2,253.4,67.6,29.5,380.6,71.6,27.1,3.8,75.3,21,21.9,5,4.44,11.461,2.511,4.573,21.377,26.146
UMOPN_2022_Beresford,SDS,Beresford,2022,RBCD,,UMOPN,1.524,3.9624,6.0386976,4/21/2022,7/28/2023,,MN19113X_043,128,1,,1,6,,3,,,,16,172,91.44,.,.,1,344.3,91.8,30.7,396,67.5,31.5,42.4,51.4,6.1,17.94,5.07,5.65,11.142,2.939,3.833,24.096,26.041
UMOPN_2022_Beresford,SDS,Beresford,2022,RBCD,,UMOPN,1.524,3.9624,6.0386976,4/21/2022,7/28/2023,,IL17-5238,129,1,,1,6,,2,,,,4,165,86.36,.,.,1,234.2,62.5,26.4,340.6,63.8,33.1,44.9,50.7,4.3,20.94,5.02,4.84,11.265,2.854,4.008,23.217,26.192
UMOPN_2022_Beresford,SDS,Beresford,2022,RBCD,,UMOPN,1.524,3.9624,6.0386976,4/21/2022,7/28/2023,,WIX10642-3,130,1,,1,6,,1,,,,28,166,81.28,.,.,1,292.1,77.9,30.8,397.3,71.6,30.1,13.1,81,5.8,19.24,4.13,4.61,10.363,2.761,3.791,20.874,24.086
UMOPN_2022_Beresford,SDS,Beresford,2022,RBCD,,UMOPN,1.524,3.9624,6.0386976,4/21/2022,7/28/2023,,SD170935,131,1,,1,7,,1,,,,11,172,96.52,.,.,1,315,84,35,451.5,68.5,38.5,64.8,32.5,2.6,17.27,4.5,5.85,11.052,2.91,3.831,23.818,25.647
UMOPN_2022_Beresford,SDS,Beresford,2022,RBCD,,UMOPN,1.524,3.9624,6.0386976,4/21/2022,7/28/2023,,OT2130,132,1,,1,7,,2,,,,31,174,78.74,.,.,1,240.7,64.2,21.9,282.5,63.3,37.1,76.7,18.4,4.8,19.1,4.49,4.78,12.843,3.154,4.103,29.327,29.991
UMOPN_2022_Beresford,SDS,Beresford,2022,RBCD,,UMOPN,1.524,3.9624,6.0386976,4/21/2022,7/28/2023,,SD181245,133,1,,1,7,,3,,,,7,172,93.98,.,.,1,304.9,81.3,28.5,367.7,68.9,38.7,52.8,44.7,2.4,19.95,4.38,3.64,11.028,3.032,3.683,25.092,25.827
UMOPN_2022_Beresford,SDS,Beresford,2022,RBCD,,UMOPN,1.524,3.9624,6.0386976,4/21/2022,7/28/2023,,ND170388,134,1,,1,7,,4,,,,24,172,83.82,.,.,1,280.4,74.8,31.2,402.5,66.5,38.5,79.4,16.1,4.5,18.79,4.41,5.05,10.738,2.956,3.654,23.736,25.125
UMOPN_2022_Beresford,SDS,Beresford,2022,RBCD,,UMOPN,1.524,3.9624,6.0386976,4/21/2022,7/28/2023,,WARRIOR,135,1,,1,7,,5,,,,35,171,81.28,.,.,1,281.9,75.2,29.6,381.8,67.7,33.6,32.9,58.8,8.3,19,4.91,4.84,10.658,2.74,3.919,21.652,24.669
UMOPN_2022_Beresford,SDS,Beresford,2022,RBCD,,UMOPN,1.524,3.9624,6.0386976,4/21/2022,7/28/2023,,SD180905,201,2,,2,8,,5,,,,10,172,88.9,.,.,1,382.7,102.1,34.8,448.9,.,.,.,.,.,.,.,.,.,.,.,.,.
UMOPN_2022_Beresford,SDS,Beresford,2022,RBCD,,UMOPN,1.524,3.9624,6.0386976,4/21/2022,7/28/2023,,SD180580,202,2,,2,8,,4,,,,8,171,86.36,.,.,1,322.2,85.9,34.8,448.9,.,.,.,.,.,.,.,.,.,.,.,.,.
UMOPN_2022_Beresford,SDS,Beresford,2022,RBCD,,UMOPN,1.524,3.9624,6.0386976,4/21/2022,7/28/2023,,IL17-1253,203,2,,2,8,,3,,,,5,171,78.74,.,.,1,251.1,67,29.1,375.4,.,.,.,.,.,.,.,.,.,.,.,.,.
UMOPN_2022_Beresford,SDS,Beresford,2022,RBCD,,UMOPN,1.524,3.9624,6.0386976,4/21/2022,7/28/2023,,WIX10466-7,204,2,,2,8,,2,,,,27,171,93.98,.,.,1,336.8,89.8,31.6,407.6,.,.,.,.,.,.,.,.,.,.,.,.,.
UMOPN_2022_Beresford,SDS,Beresford,2022,RBCD,,UMOPN,1.524,3.9624,6.0386976,4/21/2022,7/28/2023,,CLINTLAND64 (ck),205,2,,2,8,,1,,,,6,166,88.9,.,.,1,256.5,68.4,29.9,385.7,.,.,.,.,.,.,.,.,.,.,.,.,.
UMOPN_2022_Beresford,SDS,Beresford,2022,RBCD,,UMOPN,1.524,3.9624,6.0386976,4/21/2022,7/28/2023,,ND180256,206,2,,2,9,,1,,,,25,172,96.52,.,.,1,168.4,44.9,23.4,301.9,.,.,.,.,.,.,.,.,.,.,.,.,.
UMOPN_2022_Beresford,SDS,Beresford,2022,RBCD,,UMOPN,1.524,3.9624,6.0386976,4/21/2022,7/28/2023,,SD181245,207,2,,2,9,,2,,,,7,171,99.06,.,.,1,280,74.7,33.9,437.3,.,.,.,.,.,.,.,.,.,.,.,.,.
UMOPN_2022_Beresford,SDS,Beresford,2022,RBCD,,UMOPN,1.524,3.9624,6.0386976,4/21/2022,7/28/2023,,OT2130,208,2,,2,9,,3,,,,31,175,78.74,.,.,1,224.1,59.8,24.9,321.2,.,.,.,.,.,.,.,.,.,.,.,.,.
UMOPN_2022_Beresford,SDS,Beresford,2022,RBCD,,UMOPN,1.524,3.9624,6.0386976,4/21/2022,7/28/2023,,SD190311,209,2,,2,9,,4,,,,12,171,81.28,.,.,1,313.8,83.7,34.9,450.2,.,.,.,.,.,.,.,.,.,.,.,.,.
UMOPN_2022_Beresford,SDS,Beresford,2022,RBCD,,UMOPN,1.524,3.9624,6.0386976,4/21/2022,7/28/2023,,WIX10642-3,210,2,,2,9,,5,,,,28,169,78.74,.,.,1,292,77.9,33,425.7,.,.,.,.,.,.,.,.,.,.,.,.,.
UMOPN_2022_Beresford,SDS,Beresford,2022,RBCD,,UMOPN,1.524,3.9624,6.0386976,4/21/2022,7/28/2023,,ND170307,211,2,,2,10,,5,,,,21,175,86.36,.,.,1,332.8,88.7,27.5,354.8,.,.,.,.,.,.,.,.,.,.,.,.,.
UMOPN_2022_Beresford,SDS,Beresford,2022,RBCD,,UMOPN,1.524,3.9624,6.0386976,4/21/2022,7/28/2023,,ND161488,212,2,,2,10,,4,,,,20,171,93.98,.,.,1,296.2,79,30.1,388.3,.,.,.,.,.,.,.,.,.,.,.,.,.
UMOPN_2022_Beresford,SDS,Beresford,2022,RBCD,,UMOPN,1.524,3.9624,6.0386976,4/21/2022,7/28/2023,,OT3120,213,2,,2,10,,3,,,,34,172,81.28,.,.,1,353.5,94.3,33.3,429.6,.,.,.,.,.,.,.,.,.,.,.,.,.
UMOPN_2022_Beresford,SDS,Beresford,2022,RBCD,,UMOPN,1.524,3.9624,6.0386976,4/21/2022,7/28/2023,,OGLE (ck),214,2,,2,10,,2,,,,1,169,86.36,.,.,1,265.2,70.7,31.8,410.2,.,.,.,.,.,.,.,.,.,.,.,.,.
UMOPN_2022_Beresford,SDS,Beresford,2022,RBCD,,UMOPN,1.524,3.9624,6.0386976,4/21/2022,7/28/2023,,ND170388,215,2,,2,10,,1,,,,24,172,83.82,.,.,1,256.1,68.3,33.5,432.2,.,.,.,.,.,.,.,.,.,.,.,.,.
UMOPN_2022_Beresford,SDS,Beresford,2022,RBCD,,UMOPN,1.524,3.9624,6.0386976,4/21/2022,7/28/2023,,IL17-1704,216,2,,2,11,,1,,,,2,169,78.74,.,.,1,361.4,96.4,36.7,473.4,.,.,.,.,.,.,.,.,.,.,.,.,.
UMOPN_2022_Beresford,SDS,Beresford,2022,RBCD,,UMOPN,1.524,3.9624,6.0386976,4/21/2022,7/28/2023,,MN18038X_008,217,2,,2,11,,2,,,,14,173,88.9,.,.,1,264.2,70.5,30.3,390.9,.,.,.,.,.,.,.,.,.,.,.,.,.
UMOPN_2022_Beresford,SDS,Beresford,2022,RBCD,,UMOPN,1.524,3.9624,6.0386976,4/21/2022,7/28/2023,,ND170376,218,2,,2,11,,3,,,,22,175,99.06,.,.,1,212.1,56.6,28.5,367.7,.,.,.,.,.,.,.,.,.,.,.,.,.
UMOPN_2022_Beresford,SDS,Beresford,2022,RBCD,,UMOPN,1.524,3.9624,6.0386976,4/21/2022,7/28/2023,,IL17-5238,219,2,,2,11,,4,,,,4,166,81.28,.,.,1,224.2,59.8,28,361.2,.,.,.,.,.,.,.,.,.,.,.,.,.
UMOPN_2022_Beresford,SDS,Beresford,2022,RBCD,,UMOPN,1.524,3.9624,6.0386976,4/21/2022,7/28/2023,,WIX10710-5,220,2,,2,11,,5,,,,26,172,76.2,.,.,1,329.4,87.8,32.4,418,.,.,.,.,.,.,.,.,.,.,.,.,.
UMOPN_2022_Beresford,SDS,Beresford,2022,RBCD,,UMOPN,1.524,3.9624,6.0386976,4/21/2022,7/28/2023,,SD181237,221,2,,2,12,,5,,,,9,173,99.06,.,.,1,298.6,79.6,35,451.5,.,.,.,.,.,.,.,.,.,.,.,.,.
UMOPN_2022_Beresford,SDS,Beresford,2022,RBCD,,UMOPN,1.524,3.9624,6.0386976,4/21/2022,7/28/2023,,OT7100,222,2,,2,12,,4,,,,32,173,86.36,.,.,1,282.8,75.4,31.5,406.4,.,.,.,.,.,.,.,.,.,.,.,.,.
UMOPN_2022_Beresford,SDS,Beresford,2022,RBCD,,UMOPN,1.524,3.9624,6.0386976,4/21/2022,7/28/2023,,SD170935,223,2,,2,12,,3,,,,11,174,93.98,.,.,1,286.2,76.3,33.4,430.9,.,.,.,.,.,.,.,.,.,.,.,.,.
UMOPN_2022_Beresford,SDS,Beresford,2022,RBCD,,UMOPN,1.524,3.9624,6.0386976,4/21/2022,7/28/2023,,MN19113X_017,224,2,,2,12,,2,,,,15,172,91.44,.,.,1,356.2,95,34.7,447.6,.,.,.,.,.,.,.,.,.,.,.,.,.
UMOPN_2022_Beresford,SDS,Beresford,2022,RBCD,,UMOPN,1.524,3.9624,6.0386976,4/21/2022,7/28/2023,,OT3119,225,2,,2,12,,1,,,,33,174,83.82,.,.,1,236.1,63,26.6,343.1,.,.,.,.,.,.,.,.,.,.,.,.,.
UMOPN_2022_Beresford,SDS,Beresford,2022,RBCD,,UMOPN,1.524,3.9624,6.0386976,4/21/2022,7/28/2023,,MN19139X_038,226,2,,2,13,,1,,,,17,172,86.36,.,.,1,167.2,44.6,29.5,380.6,.,.,.,.,.,.,.,.,.,.,.,.,.
UMOPN_2022_Beresford,SDS,Beresford,2022,RBCD,,UMOPN,1.524,3.9624,6.0386976,4/21/2022,7/28/2023,,Leggett (ck),227,2,,2,13,,2,,,,30,175,81.28,.,.,1,162.5,43.3,25.9,334.1,.,.,.,.,.,.,.,.,.,.,.,.,.
UMOPN_2022_Beresford,SDS,Beresford,2022,RBCD,,UMOPN,1.524,3.9624,6.0386976,4/21/2022,7/28/2023,,WIX10710-7,228,2,,2,13,,3,,,,29,174,66.04,.,.,1,270.7,72.2,33.6,433.4,.,.,.,.,.,.,.,.,.,.,.,.,.
UMOPN_2022_Beresford,SDS,Beresford,2022,RBCD,,UMOPN,1.524,3.9624,6.0386976,4/21/2022,7/28/2023,,MN19113X_043,229,2,,2,13,,4,,,,16,172,83.82,.,.,1,332.6,88.7,33.8,436,.,.,.,.,.,.,.,.,.,.,.,.,.
UMOPN_2022_Beresford,SDS,Beresford,2022,RBCD,,UMOPN,1.524,3.9624,6.0386976,4/21/2022,7/28/2023,,GOPHER (ck),230,2,,2,13,,5,,,,13,172,86.36,.,.,3,150.5,40.1,28.7,370.2,.,.,.,.,.,.,.,.,.,.,.,.,.
UMOPN_2022_Beresford,SDS,Beresford,2022,RBCD,,UMOPN,1.524,3.9624,6.0386976,4/21/2022,7/28/2023,,ND141338,231,2,,2,14,,5,,,,19,175,78.74,.,.,1,305.8,81.5,32.7,421.8,.,.,.,.,.,.,.,.,.,.,.,.,.
UMOPN_2022_Beresford,SDS,Beresford,2022,RBCD,,UMOPN,1.524,3.9624,6.0386976,4/21/2022,7/28/2023,,Newburg (ck),232,2,,2,14,,4,,,,18,171,91.44,.,.,2,304.1,81.1,33.5,432.2,.,.,.,.,.,.,.,.,.,.,.,.,.
UMOPN_2022_Beresford,SDS,Beresford,2022,RBCD,,UMOPN,1.524,3.9624,6.0386976,4/21/2022,7/28/2023,,IL17-7339,233,2,,2,14,,3,,,,3,171,66.04,.,.,1,306.9,81.8,33.3,429.6,.,.,.,.,.,.,.,.,.,.,.,.,.
UMOPN_2022_Beresford,SDS,Beresford,2022,RBCD,,UMOPN,1.524,3.9624,6.0386976,4/21/2022,7/28/2023,,ND170395,234,2,,2,14,,2,,,,23,171,86.36,.,.,1,321.3,85.7,35.6,459.2,.,.,.,.,.,.,.,.,.,.,.,.,.
UMOPN_2022_Beresford,SDS,Beresford,2022,RBCD,,UMOPN,1.524,3.9624,6.0386976,4/21/2022,7/28/2023,,WARRIOR,235,2,,2,14,,1,,,,35,171,78.74,.,.,1,251.4,67,32.7,421.8,.,.,.,.,.,.,.,.,.,.,.,.,.
UMOPN_2022_Volga,SDS,Volga,2022,RBCD,,UMOPN,1.524,1.8288,2.7870912,4/22/2022,7/27/2022,,WIX10710-5,101,1,,1,1,,1,,,,26,177,81.28,5,1,.,545.4,145.4,30.8,397.3,70.8,34,33,59.9,7.4,17.61,4.97,3.94,12.116,3.087,3.965,25.939,28.303
UMOPN_2022_Volga,SDS,Volga,2022,RBCD,,UMOPN,1.524,1.8288,2.7870912,4/22/2022,7/27/2022,,WIX10710-7,102,1,,1,1,,2,,,,29,177,81.28,0,1,.,518.3,138.2,31.3,403.8,69.3,31,28.5,57.7,13.9,19.14,5.33,6.02,11.207,2.969,3.803,23.741,26.071
UMOPN_2022_Volga,SDS,Volga,2022,RBCD,,UMOPN,1.524,1.8288,2.7870912,4/22/2022,7/27/2022,,Newburg (ck),103,1,,1,1,,3,,,,18,176,88.9,15,3,.,423.7,113,31.4,405.1,69.6,30.7,30.5,54.5,15.1,16.66,5.57,5.46,.,.,.,.,.
UMOPN_2022_Volga,SDS,Volga,2022,RBCD,,UMOPN,1.524,1.8288,2.7870912,4/22/2022,7/27/2022,,IL17-1704,104,1,,1,1,,4,,,,2,175,83.82,0,3,.,588.9,157,33.7,434.7,74.9,39.1,53.2,44.7,2,17.16,5.13,4.69,12.073,3.062,3.948,25.241,27.75
UMOPN_2022_Volga,SDS,Volga,2022,RBCD,,UMOPN,1.524,1.8288,2.7870912,4/22/2022,7/27/2022,,MN19113X_043,105,1,,1,1,,5,,,,16,177,88.9,5,2,.,528.4,140.9,32.9,424.4,71.6,32.4,26.6,59,14.4,17.12,5.72,6.21,11.65,2.945,3.984,24.143,27.136
UMOPN_2022_Volga,SDS,Volga,2022,RBCD,,UMOPN,1.524,1.8288,2.7870912,4/22/2022,7/27/2022,,OT2130,106,1,,1,2,,5,,,,31,178,83.82,15,2,.,516.1,137.6,26.8,345.7,67.6,37.4,52.5,41.3,6.3,16.79,4.69,5.13,13.682,3.104,4.409,28.935,31.411
UMOPN_2022_Volga,SDS,Volga,2022,RBCD,,UMOPN,1.524,1.8288,2.7870912,4/22/2022,7/27/2022,,SD180580,107,1,,1,2,,4,,,,8,176,88.9,20,2,.,520.7,138.9,34.2,441.2,71.8,29.1,23.7,67.9,8.3,15.65,4.51,4.7,10.805,2.847,3.795,21.354,24.826
UMOPN_2022_Volga,SDS,Volga,2022,RBCD,,UMOPN,1.524,1.8288,2.7870912,4/22/2022,7/27/2022,,ND161488,108,1,,1,2,,3,,,,20,176,101.6,0,3,.,574.5,153.2,32.2,415.4,72,33,45.7,46.4,7.9,18.83,4.9,5.07,11.799,2.882,4.125,23.576,27.203
UMOPN_2022_Volga,SDS,Volga,2022,RBCD,,UMOPN,1.524,1.8288,2.7870912,4/22/2022,7/27/2022,,SD190311,109,1,,1,2,,2,,,,12,176,91.44,30,1,.,536.4,143,30.3,390.9,66.3,29.8,31.8,53.3,14.9,16.59,5.19,5.76,11.927,2.919,4.127,24.37,27.592
UMOPN_2022_Volga,SDS,Volga,2022,RBCD,,UMOPN,1.524,1.8288,2.7870912,4/22/2022,7/27/2022,,CLINTLAND64 (ck),110,1,,1,2,,1,,,,6,172,86.36,40,3,.,520.4,138.8,31.1,401.2,72.3,31.8,30.5,57.7,11.9,18.32,5,4.93,11.888,2.876,4.147,23.764,27.326
UMOPN_2022_Volga,SDS,Volga,2022,RBCD,,UMOPN,1.524,1.8288,2.7870912,4/22/2022,7/27/2022,,ND170395,111,1,,1,3,,1,,,,23,177,91.44,0,3,.,610.8,162.9,33.1,427,73.8,34.9,48.8,45,6.1,17.57,4.93,5.11,.,.,.,.,.
UMOPN_2022_Volga,SDS,Volga,2022,RBCD,,UMOPN,1.524,1.8288,2.7870912,4/22/2022,7/27/2022,,WIX10466-7,112,1,,1,3,,2,,,,27,176,93.98,5,3,.,543.2,144.9,31.5,406.4,68.7,31.4,25.2,61.9,13,17.93,5.68,5.63,.,.,.,.,.
UMOPN_2022_Volga,SDS,Volga,2022,RBCD,,UMOPN,1.524,1.8288,2.7870912,4/22/2022,7/27/2022,,MN18038X_008,113,1,,1,3,,3,,,,14,179,91.44,0,3,.,536.8,143.1,28.2,363.8,68,34.1,25,63.3,12.1,18.75,5.69,6.21,13.033,2.914,4.519,26.226,30.163
UMOPN_2022_Volga,SDS,Volga,2022,RBCD,,UMOPN,1.524,1.8288,2.7870912,4/22/2022,7/27/2022,,ND170376,114,1,,1,3,,4,,,,22,177,101.6,0,4,.,575.7,153.5,30.5,393.5,70.9,40.1,62.4,32.5,5.4,18.82,5.01,5.96,12.567,3.125,4.034,27.62,29.103
UMOPN_2022_Volga,SDS,Volga,2022,RBCD,,UMOPN,1.524,1.8288,2.7870912,4/22/2022,7/27/2022,,IL17-7339,115,1,,1,3,,5,,,,3,175,71.12,35,2,.,587.3,156.6,30.8,397.3,72.8,30.5,24.1,58.8,17.1,18.04,5.27,4.85,11.43,2.869,4.03,22.725,26.635
UMOPN_2022_Volga,SDS,Volga,2022,RBCD,,UMOPN,1.524,1.8288,2.7870912,4/22/2022,7/27/2022,,GOPHER (ck),116,1,,1,4,,5,,,,13,176,91.44,30,5,.,380.9,101.6,30.1,388.3,70,26.3,4.9,52,43.3,19.27,5.17,4.44,12.081,2.571,4.74,21.413,27.473
UMOPN_2022_Volga,SDS,Volga,2022,RBCD,,UMOPN,1.524,1.8288,2.7870912,4/22/2022,7/27/2022,,ND170388,117,1,,1,4,,4,,,,24,177,91.44,0,3,.,576.9,153.9,31.4,405.1,69.8,34.3,58,34.6,7.8,17.02,5.23,5.65,11.499,2.942,3.918,24.034,26.621
UMOPN_2022_Volga,SDS,Volga,2022,RBCD,,UMOPN,1.524,1.8288,2.7870912,4/22/2022,7/27/2022,,MN19139X_038,118,1,,1,4,,3,,,,17,177,96.52,45,3,.,450,120,33,425.7,71.8,28,17.1,60.3,22.7,16.75,5.19,4.86,11.3,2.792,4.114,21.666,26.542
UMOPN_2022_Volga,SDS,Volga,2022,RBCD,,UMOPN,1.524,1.8288,2.7870912,4/22/2022,7/27/2022,,ND170307,119,1,,1,4,,2,,,,21,181,96.52,10,2,.,451.8,120.5,23.3,300.6,63.4,31.4,26.1,54.9,19.3,17.47,5.48,6.33,13.333,2.995,4.48,27.303,31.222
UMOPN_2022_Volga,SDS,Volga,2022,RBCD,,UMOPN,1.524,1.8288,2.7870912,4/22/2022,7/27/2022,,SD181237,120,1,,1,4,,1,,,,9,177,106.68,0,2,.,601.8,160.5,33.3,429.6,73.2,34.1,42.1,51.4,6.6,16.93,4.62,4.59,11.642,3.077,3.797,26.104,26.997
UMOPN_2022_Volga,SDS,Volga,2022,RBCD,,UMOPN,1.524,1.8288,2.7870912,4/22/2022,7/27/2022,,SD170935,121,1,,1,5,,1,,,,11,180,104.14,5,3,.,574.1,153.1,32.9,424.4,69.8,32,22.6,64,13.3,16.95,5.2,6.31,11.809,2.827,4.184,23.546,27.108
UMOPN_2022_Volga,SDS,Volga,2022,RBCD,,UMOPN,1.524,1.8288,2.7870912,4/22/2022,7/27/2022,,WIX10642-3,122,1,,1,5,,2,,,,28,177,83.82,5,1,.,568.8,151.7,33.1,427,74.2,29.2,16.7,69.6,13.9,17.8,4.08,5.06,11.132,2.883,3.896,22.505,25.887
UMOPN_2022_Volga,SDS,Volga,2022,RBCD,,UMOPN,1.524,1.8288,2.7870912,4/22/2022,7/27/2022,,ND141338,123,1,,1,5,,3,,,,19,178,91.44,25,1,.,545.3,145.4,29.2,376.7,70.3,30.8,32.1,50.8,17,16.27,5.49,5.63,12.16,2.876,4.251,24.116,27.859
UMOPN_2022_Volga,SDS,Volga,2022,RBCD,,UMOPN,1.524,1.8288,2.7870912,4/22/2022,7/27/2022,,SD181245,124,1,,1,5,,4,,,,7,176,106.68,5,2,.,617.5,164.7,32.7,421.8,73.7,36.8,41.6,51.6,6.7,17.25,4.4,4.06,12.249,3.162,3.886,27.522,28.5
UMOPN_2022_Volga,SDS,Volga,2022,RBCD,,UMOPN,1.524,1.8288,2.7870912,4/22/2022,7/27/2022,,Leggett (ck),125,1,,1,5,,5,,,,30,178,93.98,40,2,.,457.3,121.9,29.5,380.6,69.3,30.6,27,60.7,12.2,18.94,5.76,4.63,12.6,2.847,4.466,25.005,28.829
UMOPN_2022_Volga,SDS,Volga,2022,RBCD,,UMOPN,1.524,1.8288,2.7870912,4/22/2022,7/27/2022,,OGLE (ck),126,1,,1,6,,5,,,,1,175,86.36,35,3,.,567.4,151.3,30,387,70.3,32.3,30.1,60,9.9,18.32,5.01,4.39,12.646,2.889,4.411,25.59,29.054
UMOPN_2022_Volga,SDS,Volga,2022,RBCD,,UMOPN,1.524,1.8288,2.7870912,4/22/2022,7/27/2022,,IL17-5238,127,1,,1,6,,4,,,,4,171,86.36,40,1,.,514.3,137.2,32,412.8,73.2,36.2,43.8,50.4,5.7,17.12,5.21,5.39,12.17,3.046,4.031,25.938,28.273
UMOPN_2022_Volga,SDS,Volga,2022,RBCD,,UMOPN,1.524,1.8288,2.7870912,4/22/2022,7/27/2022,,ND180256,128,1,,1,6,,3,,,,25,176,96.52,25,2,.,435.7,116.2,31.7,408.9,70.2,36.7,46.9,47.2,5.9,17.18,4.69,5.87,12.241,3.056,4.034,26.538,28.303
UMOPN_2022_Volga,SDS,Volga,2022,RBCD,,UMOPN,1.524,1.8288,2.7870912,4/22/2022,7/27/2022,,OT7100,129,1,,1,6,,2,,,,32,177,88.9,10,2,.,503.6,134.3,29.2,376.7,72.1,30.7,35.6,55.9,8.4,16.93,5.11,5.18,12.852,2.999,4.34,26.582,29.876
UMOPN_2022_Volga,SDS,Volga,2022,RBCD,,UMOPN,1.524,1.8288,2.7870912,4/22/2022,7/27/2022,,OT3119,130,1,,1,6,,1,,,,33,177,86.36,45,1,.,542.2,144.6,28.7,370.2,69.1,31.8,46.7,48.3,5,16.22,5.08,4.91,13.043,2.932,4.47,26.624,30.161
UMOPN_2022_Volga,SDS,Volga,2022,RBCD,,UMOPN,1.524,1.8288,2.7870912,4/22/2022,7/27/2022,,SD180905,131,1,,1,7,,1,,,,10,176,88.9,10,2,.,608.8,162.3,32.1,414.1,73.5,29.6,23.6,63.1,13.2,16.78,5.15,4.72,11.624,2.785,4.2,23.168,26.696
UMOPN_2022_Volga,SDS,Volga,2022,RBCD,,UMOPN,1.524,1.8288,2.7870912,4/22/2022,7/27/2022,,OT3120,132,1,,1,7,,2,,,,34,177,88.9,45,1,.,547.7,146.1,28.7,370.2,69.2,33.9,40,49.6,10.4,15.47,5.49,4.03,12.657,2.999,4.256,26.414,29.564
UMOPN_2022_Volga,SDS,Volga,2022,RBCD,,UMOPN,1.524,1.8288,2.7870912,4/22/2022,7/27/2022,,IL17-1253,133,1,,1,7,,3,,,,5,176,83.82,30,2,.,592.5,158,32.9,424.4,76.2,36.2,57.1,39.9,2.9,17.64,4.36,3.45,11.035,3.077,3.63,23.851,26.052
UMOPN_2022_Volga,SDS,Volga,2022,RBCD,,UMOPN,1.524,1.8288,2.7870912,4/22/2022,7/27/2022,,MN19113X_017,134,1,,1,7,,4,,,,15,177,91.44,10,2,.,590.3,157.4,30.9,398.6,70.6,29.4,15.6,62,22.3,17.18,5.49,6.18,12.26,2.846,4.371,23.967,28.169
UMOPN_2022_Volga,SDS,Volga,2022,RBCD,,UMOPN,1.524,1.8288,2.7870912,4/22/2022,7/27/2022,,WARRIOR,135,1,,1,7,,5,,,,35,177,88.9,40,2,.,507.4,135.3,33.1,427,71.5,34.2,40.6,52.3,7.1,17.62,5,4.61,11.323,2.935,3.888,23.078,26.208
UMOPN_2022_Volga,SDS,Volga,2022,RBCD,,UMOPN,1.524,1.8288,2.7870912,4/22/2022,7/27/2022,,OT3119,201,2,,2,8,,5,,,,33,178,86.36,25,1,.,511.4,136.4,27.9,359.9,.,.,.,.,.,.,.,.,.,.,.,.,.
UMOPN_2022_Volga,SDS,Volga,2022,RBCD,,UMOPN,1.524,1.8288,2.7870912,4/22/2022,7/27/2022,,ND170395,202,2,,2,8,,4,,,,23,176,96.52,0,3,.,619.6,165.2,32.3,416.7,.,.,.,.,.,.,.,.,.,.,.,.,.
UMOPN_2022_Volga,SDS,Volga,2022,RBCD,,UMOPN,1.524,1.8288,2.7870912,4/22/2022,7/27/2022,,OT7100,203,2,,2,8,,3,,,,32,178,86.36,10,2,.,515.4,137.4,29.4,379.3,.,.,.,.,.,.,.,.,.,.,.,.,.
UMOPN_2022_Volga,SDS,Volga,2022,RBCD,,UMOPN,1.524,1.8288,2.7870912,4/22/2022,7/27/2022,,WIX10710-5,204,2,,2,8,,2,,,,26,177,83.82,5,1,.,580.3,154.7,28.8,371.5,.,.,.,.,.,.,.,.,.,.,.,.,.
UMOPN_2022_Volga,SDS,Volga,2022,RBCD,,UMOPN,1.524,1.8288,2.7870912,4/22/2022,7/27/2022,,SD181245,205,2,,2,8,,1,,,,7,177,104.14,5,3,.,627.1,167.2,32.9,424.4,.,.,.,.,.,.,.,.,.,.,.,.,.
UMOPN_2022_Volga,SDS,Volga,2022,RBCD,,UMOPN,1.524,1.8288,2.7870912,4/22/2022,7/27/2022,,MN19113X_043,206,2,,2,9,,1,,,,16,177,91.44,10,2,.,576.9,153.8,32,412.8,.,.,.,.,.,.,.,.,.,.,.,.,.
UMOPN_2022_Volga,SDS,Volga,2022,RBCD,,UMOPN,1.524,1.8288,2.7870912,4/22/2022,7/27/2022,,GOPHER (ck),207,2,,2,9,,2,,,,13,176,88.9,40,4,.,388.3,103.6,29.1,375.4,.,.,.,.,.,.,.,.,.,.,.,.,.
UMOPN_2022_Volga,SDS,Volga,2022,RBCD,,UMOPN,1.524,1.8288,2.7870912,4/22/2022,7/27/2022,,OGLE (ck),208,2,,2,9,,3,,,,1,176,86.36,15,2,.,525.6,140.2,30.9,398.6,.,.,.,.,.,.,.,.,.,.,.,.,.
UMOPN_2022_Volga,SDS,Volga,2022,RBCD,,UMOPN,1.524,1.8288,2.7870912,4/22/2022,7/27/2022,,Leggett (ck),209,2,,2,9,,4,,,,30,177,88.9,15,3,.,435.1,116,31.3,403.8,.,.,.,.,.,.,.,.,.,.,.,.,.
UMOPN_2022_Volga,SDS,Volga,2022,RBCD,,UMOPN,1.524,1.8288,2.7870912,4/22/2022,7/27/2022,,WIX10642-3,210,2,,2,9,,5,,,,28,176,81.28,10,2,.,482.3,128.6,32.7,421.8,.,.,.,.,.,.,.,.,.,.,.,.,.
UMOPN_2022_Volga,SDS,Volga,2022,RBCD,,UMOPN,1.524,1.8288,2.7870912,4/22/2022,7/27/2022,,OT2130,211,2,,2,10,,5,,,,31,181,78.74,30,1,.,455.1,121.4,25.8,332.8,.,.,.,.,.,.,.,.,.,.,.,.,.
UMOPN_2022_Volga,SDS,Volga,2022,RBCD,,UMOPN,1.524,1.8288,2.7870912,4/22/2022,7/27/2022,,SD180580,212,2,,2,10,,4,,,,8,177,81.28,25,2,.,521.2,139,33.3,429.6,.,.,.,.,.,.,.,.,.,.,.,.,.
UMOPN_2022_Volga,SDS,Volga,2022,RBCD,,UMOPN,1.524,1.8288,2.7870912,4/22/2022,7/27/2022,,IL17-7339,213,2,,2,10,,3,,,,3,176,68.58,30,2,.,590.1,157.4,31,399.9,.,.,.,.,.,.,.,.,.,.,.,.,.
UMOPN_2022_Volga,SDS,Volga,2022,RBCD,,UMOPN,1.524,1.8288,2.7870912,4/22/2022,7/27/2022,,IL17-1704,214,2,,2,10,,2,,,,2,175,83.82,0,2,.,599.2,159.8,33.1,427,.,.,.,.,.,.,.,.,.,.,.,.,.
UMOPN_2022_Volga,SDS,Volga,2022,RBCD,,UMOPN,1.524,1.8288,2.7870912,4/22/2022,7/27/2022,,IL17-1253,215,2,,2,10,,1,,,,5,176,78.74,10,2,.,577.5,154,32.3,416.7,.,.,.,.,.,.,.,.,.,.,.,.,.
UMOPN_2022_Volga,SDS,Volga,2022,RBCD,,UMOPN,1.524,1.8288,2.7870912,4/22/2022,7/27/2022,,IL17-5238,216,2,,2,11,,1,,,,4,171,81.28,35,1,.,500.4,133.4,33.2,428.3,.,.,.,.,.,.,.,.,.,.,.,.,.
UMOPN_2022_Volga,SDS,Volga,2022,RBCD,,UMOPN,1.524,1.8288,2.7870912,4/22/2022,7/27/2022,,ND141338,217,2,,2,11,,2,,,,19,179,83.82,20,1,.,474.1,126.4,27.9,359.9,.,.,.,.,.,.,.,.,.,.,.,.,.
UMOPN_2022_Volga,SDS,Volga,2022,RBCD,,UMOPN,1.524,1.8288,2.7870912,4/22/2022,7/27/2022,,SD181237,218,2,,2,11,,3,,,,9,178,101.6,0,2,.,562.8,150.1,31.7,408.9,.,.,.,.,.,.,.,.,.,.,.,.,.
UMOPN_2022_Volga,SDS,Volga,2022,RBCD,,UMOPN,1.524,1.8288,2.7870912,4/22/2022,7/27/2022,,ND170376,219,2,,2,11,,4,,,,22,178,93.98,0,3,.,501.2,133.7,31.2,402.5,.,.,.,.,.,.,.,.,.,.,.,.,.
UMOPN_2022_Volga,SDS,Volga,2022,RBCD,,UMOPN,1.524,1.8288,2.7870912,4/22/2022,7/27/2022,,WIX10710-7,220,2,,2,11,,5,,,,29,179,71.12,5,1,.,501.5,133.7,30.8,397.3,.,.,.,.,.,.,.,.,.,.,.,.,.
UMOPN_2022_Volga,SDS,Volga,2022,RBCD,,UMOPN,1.524,1.8288,2.7870912,4/22/2022,7/27/2022,,MN19139X_038,221,2,,2,12,,5,,,,17,174,86.36,35,3,.,458.9,122.4,34.5,445.1,.,.,.,.,.,.,.,.,.,.,.,.,.
UMOPN_2022_Volga,SDS,Volga,2022,RBCD,,UMOPN,1.524,1.8288,2.7870912,4/22/2022,7/27/2022,,CLINTLAND64 (ck),222,2,,2,12,,4,,,,6,176,83.82,30,2,.,464.3,123.8,31,399.9,.,.,.,.,.,.,.,.,.,.,.,.,.
UMOPN_2022_Volga,SDS,Volga,2022,RBCD,,UMOPN,1.524,1.8288,2.7870912,4/22/2022,7/27/2022,,ND180256,223,2,,2,12,,3,,,,25,178,91.44,5,2,.,385.6,102.8,31.3,403.8,.,.,.,.,.,.,.,.,.,.,.,.,.
UMOPN_2022_Volga,SDS,Volga,2022,RBCD,,UMOPN,1.524,1.8288,2.7870912,4/22/2022,7/27/2022,,MN19113X_017,224,2,,2,12,,2,,,,15,177,86.36,5,2,.,555.6,148.2,31.2,402.5,.,.,.,.,.,.,.,.,.,.,.,.,.
UMOPN_2022_Volga,SDS,Volga,2022,RBCD,,UMOPN,1.524,1.8288,2.7870912,4/22/2022,7/27/2022,,SD180905,225,2,,2,12,,1,,,,10,177,83.82,10,2,.,564.8,150.6,32.1,414.1,.,.,.,.,.,.,.,.,.,.,.,.,.
UMOPN_2022_Volga,SDS,Volga,2022,RBCD,,UMOPN,1.524,1.8288,2.7870912,4/22/2022,7/27/2022,,OT3120,226,2,,2,13,,1,,,,34,177,81.28,25,1,.,479,127.7,27.2,350.9,.,.,.,.,.,.,.,.,.,.,.,.,.
UMOPN_2022_Volga,SDS,Volga,2022,RBCD,,UMOPN,1.524,1.8288,2.7870912,4/22/2022,7/27/2022,,ND170307,227,2,,2,13,,2,,,,21,181,91.44,5,2,.,461.7,123.1,25.3,326.4,.,.,.,.,.,.,.,.,.,.,.,.,.
UMOPN_2022_Volga,SDS,Volga,2022,RBCD,,UMOPN,1.524,1.8288,2.7870912,4/22/2022,7/27/2022,,ND170388,228,2,,2,13,,3,,,,24,178,88.9,5,3,.,536.1,142.9,31.8,410.2,.,.,.,.,.,.,.,.,.,.,.,.,.
UMOPN_2022_Volga,SDS,Volga,2022,RBCD,,UMOPN,1.524,1.8288,2.7870912,4/22/2022,7/27/2022,,Newburg (ck),229,2,,2,13,,4,,,,18,176,91.44,40,3,.,474.7,126.6,29.5,380.6,.,.,.,.,.,.,.,.,.,.,.,.,.
UMOPN_2022_Volga,SDS,Volga,2022,RBCD,,UMOPN,1.524,1.8288,2.7870912,4/22/2022,7/27/2022,,MN18038X_008,230,2,,2,13,,5,,,,14,177,81.28,0,1,.,502.4,134,28.4,366.4,.,.,.,.,.,.,.,.,.,.,.,.,.
UMOPN_2022_Volga,SDS,Volga,2022,RBCD,,UMOPN,1.524,1.8288,2.7870912,4/22/2022,7/27/2022,,SD170935,231,2,,2,14,,5,,,,11,178,101.6,0,3,.,556.7,148.5,32.3,416.7,.,.,.,.,.,.,.,.,.,.,.,.,.
UMOPN_2022_Volga,SDS,Volga,2022,RBCD,,UMOPN,1.524,1.8288,2.7870912,4/22/2022,7/27/2022,,ND161488,232,2,,2,14,,4,,,,20,176,99.06,0,3,.,601.4,160.4,31.1,401.2,.,.,.,.,.,.,.,.,.,.,.,.,.
UMOPN_2022_Volga,SDS,Volga,2022,RBCD,,UMOPN,1.524,1.8288,2.7870912,4/22/2022,7/27/2022,,WIX10466-7,233,2,,2,14,,3,,,,27,176,88.9,5,3,.,559.8,149.3,31.2,402.5,.,.,.,.,.,.,.,.,.,.,.,.,.
UMOPN_2022_Volga,SDS,Volga,2022,RBCD,,UMOPN,1.524,1.8288,2.7870912,4/22/2022,7/27/2022,,SD190311,234,2,,2,14,,2,,,,12,177,88.9,45,2,.,514.5,137.2,29.2,376.7,.,.,.,.,.,.,.,.,.,.,.,.,.
UMOPN_2022_Volga,SDS,Volga,2022,RBCD,,UMOPN,1.524,1.8288,2.7870912,4/22/2022,7/27/2022,,WARRIOR,235,2,,2,14,,1,,,,35,176,86.36,45,2,.,511.4,136.4,33.6,433.4,.,.,.,.,.,.,.,.,.,.,.,.,.
